{
  "heuristic": {
    "0.02": {
      "rank_only": {
        "intent": 0.10874389702618731,
        "actions": 0.0,
        "utility": 0.10874389702618731
      },
      "clarify_only": {
        "intent": 0.5743453173546382,
        "actions": 1.015756768752774,
        "utility": 0.5540301819795828
      },
      "repair_only": {
        "intent": 0.6513537505548158,
        "actions": 1.4946737683089215,
        "utility": 0.6214602751886373
      },
      "memory_clarify": {
        "intent": 0.5818908122503329,
        "actions": 1.015756768752774,
        "utility": 0.5615756768752774
      },
      "full_controller": {
        "intent": 0.8903683976919663,
        "actions": 1.4944518419884598,
        "utility": 0.8604793608521971
      }
    },
    "0.04": {
      "rank_only": {
        "intent": 0.10874389702618731,
        "actions": 0.0,
        "utility": 0.10874389702618731
      },
      "clarify_only": {
        "intent": 0.5743453173546382,
        "actions": 1.015756768752774,
        "utility": 0.5337150466045273
      },
      "repair_only": {
        "intent": 0.6513537505548158,
        "actions": 1.4946737683089215,
        "utility": 0.591566799822459
      },
      "memory_clarify": {
        "intent": 0.5818908122503329,
        "actions": 1.015756768752774,
        "utility": 0.541260541500222
      },
      "full_controller": {
        "intent": 0.8903683976919663,
        "actions": 1.4944518419884598,
        "utility": 0.8305903240124279
      }
    },
    "0.08": {
      "rank_only": {
        "intent": 0.10874389702618731,
        "actions": 0.0,
        "utility": 0.10874389702618731
      },
      "clarify_only": {
        "intent": 0.5743453173546382,
        "actions": 1.015756768752774,
        "utility": 0.4930847758544163
      },
      "repair_only": {
        "intent": 0.6513537505548158,
        "actions": 1.4946737683089215,
        "utility": 0.5317798490901021
      },
      "memory_clarify": {
        "intent": 0.5818908122503329,
        "actions": 1.015756768752774,
        "utility": 0.500630270750111
      },
      "full_controller": {
        "intent": 0.8903683976919663,
        "actions": 1.4944518419884598,
        "utility": 0.7708122503328895
      }
    },
    "0.12": {
      "rank_only": {
        "intent": 0.10874389702618731,
        "actions": 0.0,
        "utility": 0.10874389702618731
      },
      "clarify_only": {
        "intent": 0.5743453173546382,
        "actions": 1.015756768752774,
        "utility": 0.45245450510430535
      },
      "repair_only": {
        "intent": 0.6513537505548158,
        "actions": 1.4946737683089215,
        "utility": 0.47199289835774527
      },
      "memory_clarify": {
        "intent": 0.5818908122503329,
        "actions": 1.015756768752774,
        "utility": 0.46
      },
      "full_controller": {
        "intent": 0.8903683976919663,
        "actions": 1.4944518419884598,
        "utility": 0.7110341766533511
      }
    },
    "0.16": {
      "rank_only": {
        "intent": 0.10874389702618731,
        "actions": 0.0,
        "utility": 0.10874389702618731
      },
      "clarify_only": {
        "intent": 0.5743453173546382,
        "actions": 1.015756768752774,
        "utility": 0.41182423435419435
      },
      "repair_only": {
        "intent": 0.6513537505548158,
        "actions": 1.4946737683089215,
        "utility": 0.41220594762538837
      },
      "memory_clarify": {
        "intent": 0.5818908122503329,
        "actions": 1.015756768752774,
        "utility": 0.419369729249889
      },
      "full_controller": {
        "intent": 0.8903683976919663,
        "actions": 1.4944518419884598,
        "utility": 0.6512561029738128
      }
    },
    "0.2": {
      "rank_only": {
        "intent": 0.10874389702618731,
        "actions": 0.0,
        "utility": 0.10874389702618731
      },
      "clarify_only": {
        "intent": 0.5743453173546382,
        "actions": 1.015756768752774,
        "utility": 0.3711939636040834
      },
      "repair_only": {
        "intent": 0.6513537505548158,
        "actions": 1.4946737683089215,
        "utility": 0.3524189968930315
      },
      "memory_clarify": {
        "intent": 0.5818908122503329,
        "actions": 1.015756768752774,
        "utility": 0.3787394584997781
      },
      "full_controller": {
        "intent": 0.8903683976919663,
        "actions": 1.4944518419884598,
        "utility": 0.5914780292942743
      }
    }
  },
  "reranked": {
    "0.02": {
      "rank_only": {
        "intent": 0.2310252996005326,
        "actions": 0.0,
        "utility": 0.2310252996005326
      },
      "clarify_only": {
        "intent": 0.848202396804261,
        "actions": 1.2514425210830005,
        "utility": 0.823173546382601
      },
      "repair_only": {
        "intent": 0.9343098091433644,
        "actions": 1.070572569906791,
        "utility": 0.9128983577452285
      },
      "memory_clarify": {
        "intent": 0.848202396804261,
        "actions": 1.2514425210830005,
        "utility": 0.823173546382601
      },
      "full_controller": {
        "intent": 0.9822458943630714,
        "actions": 1.4216600088770528,
        "utility": 0.9538126941855304
      }
    },
    "0.04": {
      "rank_only": {
        "intent": 0.2310252996005326,
        "actions": 0.0,
        "utility": 0.2310252996005326
      },
      "clarify_only": {
        "intent": 0.848202396804261,
        "actions": 1.2514425210830005,
        "utility": 0.798144695960941
      },
      "repair_only": {
        "intent": 0.9343098091433644,
        "actions": 1.070572569906791,
        "utility": 0.8914869063470927
      },
      "memory_clarify": {
        "intent": 0.848202396804261,
        "actions": 1.2514425210830005,
        "utility": 0.798144695960941
      },
      "full_controller": {
        "intent": 0.9822458943630714,
        "actions": 1.4216600088770528,
        "utility": 0.9253794940079894
      }
    },
    "0.08": {
      "rank_only": {
        "intent": 0.2310252996005326,
        "actions": 0.0,
        "utility": 0.2310252996005326
      },
      "clarify_only": {
        "intent": 0.848202396804261,
        "actions": 1.2514425210830005,
        "utility": 0.748086995117621
      },
      "repair_only": {
        "intent": 0.9343098091433644,
        "actions": 1.070572569906791,
        "utility": 0.8486640035508211
      },
      "memory_clarify": {
        "intent": 0.848202396804261,
        "actions": 1.2514425210830005,
        "utility": 0.748086995117621
      },
      "full_controller": {
        "intent": 0.9822458943630714,
        "actions": 1.4216600088770528,
        "utility": 0.8685130936529072
      }
    },
    "0.12": {
      "rank_only": {
        "intent": 0.2310252996005326,
        "actions": 0.0,
        "utility": 0.2310252996005326
      },
      "clarify_only": {
        "intent": 0.848202396804261,
        "actions": 1.2514425210830005,
        "utility": 0.6980292942743009
      },
      "repair_only": {
        "intent": 0.9343098091433644,
        "actions": 1.070572569906791,
        "utility": 0.8058411007545494
      },
      "memory_clarify": {
        "intent": 0.848202396804261,
        "actions": 1.2514425210830005,
        "utility": 0.6980292942743009
      },
      "full_controller": {
        "intent": 0.9822458943630714,
        "actions": 1.4216600088770528,
        "utility": 0.811646693297825
      }
    },
    "0.16": {
      "rank_only": {
        "intent": 0.2310252996005326,
        "actions": 0.0,
        "utility": 0.2310252996005326
      },
      "clarify_only": {
        "intent": 0.848202396804261,
        "actions": 1.2514425210830005,
        "utility": 0.6479715934309809
      },
      "repair_only": {
        "intent": 0.9343098091433644,
        "actions": 1.070572569906791,
        "utility": 0.7630181979582777
      },
      "memory_clarify": {
        "intent": 0.848202396804261,