{
  "heuristic": {
    "0.0": {
      "base": 0.6453333333333333,
      "robust": 0.6453333333333333
    },
    "0.1": {
      "base": 0.5882666666666667,
      "robust": 0.6342222222222222
    },
    "0.2": {
      "base": 0.5296,
      "robust": 0.5874222222222222
    },
    "0.3": {
      "base": 0.47204444444444443,
      "robust": 0.5763111111111111
    },
    "0.4": {
      "base": 0.41457777777777777,
      "robust": 0.5213777777777778
    }
  },
  "reranked": {
    "0.0": {
      "base": 0.8977777777777778,
      "robust": 0.8977777777777778
    },
    "0.1": {
      "base": 0.8011555555555555,
      "robust": 0.8784
    },
    "0.2": {
      "base": 0.7070666666666666,
      "robust": 0.8013333333333333
    },
    "0.3": {
      "base": 0.6192888888888889,
      "robust": 0.7819555555555555
    },
    "0.4": {
      "base": 0.5271111111111111,
      "robust": 0.6965333333333333
    }
  }
}