{
  "heuristic": {
    "0.0": {
      "base": 0.6568888888888889,
      "recover": 0.6568888888888889
    },
    "0.1": {
      "base": 0.5696,
      "recover": 0.6568888888888889
    },
    "0.2": {
      "base": 0.48875555555555555,
      "recover": 0.6568888888888889
    },
    "0.3": {
      "base": 0.41333333333333333,
      "recover": 0.6568888888888889
    },
    "0.4": {
      "base": 0.34457777777777776,
      "recover": 0.6568888888888889
    }
  },
  "reranked": {
    "0.0": {
      "base": 0.9475555555555556,
      "recover": 0.9475555555555556
    },
    "0.1": {
      "base": 0.8659555555555556,
      "recover": 0.9475555555555556
    },
    "0.2": {
      "base": 0.7901333333333334,
      "recover": 0.9475555555555556
    },
    "0.3": {
      "base": 0.7181333333333333,
      "recover": 0.9475555555555556
    },
    "0.4": {
      "base": 0.6476,
      "recover": 0.9475555555555556
    }
  }
}