{
  "heuristic": {
    "inpool_1_dist_1": {
      "clarify": 0.9612756264236902,
      "repair": 0.8758542141230068,
      "gap_repair_minus_clarify": -0.08542141230068345,
      "count": 878
    },
    "inpool_0_dist_1": {
      "clarify": 0.0,
      "repair": 0.39669421487603307,
      "gap_repair_minus_clarify": 0.39669421487603307,
      "count": 121
    },
    "inpool_0_dist_2": {
      "clarify": 0.0,
      "repair": 0.6588541666666666,
      "gap_repair_minus_clarify": 0.6588541666666666,
      "count": 384
    },
    "inpool_1_dist_2": {
      "clarify": 0.9843444227005871,
      "repair": 0.7984344422700587,
      "gap_repair_minus_clarify": -0.18590998043052842,
      "count": 511
    },
    "inpool_1_dist_3+": {
      "clarify": 0.9905660377358491,
      "repair": 0.0,
      "gap_repair_minus_clarify": -0.9905660377358491,
      "count": 106
    },
    "inpool_0_dist_3+": {
      "clarify": 0.0,
      "repair": 0.0,
      "gap_repair_minus_clarify": 0.0,
      "count": 250
    }
  },
  "reranked": {
    "inpool_1_dist_1": {
      "clarify": 0.9433734939759036,
      "repair": 0.9939759036144579,
      "gap_repair_minus_clarify": 0.050602409638554224,
      "count": 1660
    },
    "inpool_1_dist_2": {
      "clarify": 0.909952606635071,
      "repair": 0.9644549763033176,
      "gap_repair_minus_clarify": 0.05450236966824651,
      "count": 422
    },
    "inpool_0_dist_2": {
      "clarify": 0.0,
      "repair": 0.9583333333333334,
      "gap_repair_minus_clarify": 0.9583333333333334,
      "count": 48
    },
    "inpool_1_dist_3+": {
      "clarify": 0.9859154929577465,
      "repair": 0.0,
      "gap_repair_minus_clarify": -0.9859154929577465,
      "count": 71
    },
    "inpool_0_dist_1": {
      "clarify": 0.0,
      "repair": 0.8787878787878788,
      "gap_repair_minus_clarify": 0.8787878787878788,
      "count": 33
    },
    "inpool_0_dist_3+": {
      "clarify": 0.0,
      "repair": 0.0,
      "gap_repair_minus_clarify": 0.0,
      "count": 16
    }
  }
}