{
  "controllers": {
    "heuristic": {
      "best_baseline": "repair_only",
      "full_utility": {
        "mean": 0.7708122503328895,
        "lo": 0.761109631602308,
        "hi": 0.7802308033732801
      },
      "baseline_utility": {
        "mean": 0.531779849090102,
        "lo": 0.5176742121615623,
        "hi": 0.5457434531735463
      },
      "gain_over_best_baseline": {
        "mean": 0.23903240124278738,
        "lo": 0.2265157567687528,
        "hi": 0.25141588992454506
      }
    },
    "reranked": {
      "best_baseline": "repair_only",
      "full_utility": {
        "mean": 0.8685130936529072,
        "lo": 0.8641100754549489,
        "hi": 0.8726675543719485
      },
      "baseline_utility": {
        "mean": 0.8486640035508212,
        "lo": 0.8408255659121172,
        "hi": 0.8570173102529961
      },
      "gain_over_best_baseline": {
        "mean": 0.019849090102086107,
        "lo": 0.012791833111407015,
        "hi": 0.02742121615623613
      }
    }
  },
  "escalation": {
    "heuristic": {
      "best_global_fixed": "repair",
      "clarify": {
        "mean": 0.6453333333333333,
        "lo": 0.6257777777777778,
        "hi": 0.6648888888888889
      },
      "repair": {
        "mean": 0.6568888888888889,
        "lo": 0.6373333333333333,
        "hi": 0.6764444444444444
      },
      "escalate": {
        "mean": 0.7791111111111111,
        "lo": 0.7613333333333333,
        "hi": 0.7968888888888889
      },
      "gain_over_best_global_fixed": {
        "mean": 0.12222222222222222,
        "lo": 0.10888888888888888,
        "hi": 0.1368888888888889
      }
    },
    "reranked": {
      "best_global_fixed": "repair",
      "clarify": {
        "mean": 0.8977777777777778,
        "lo": 0.8853333333333333,
        "hi": 0.9102222222222223
      },
      "repair": {
        "mean": 0.9475555555555556,
        "lo": 0.9386666666666666,
        "hi": 0.9564444444444444
      },
      "escalate": {
        "mean": 0.9666666666666667,
        "lo": 0.9591111111111111,
        "hi": 0.9737777777777777
      },
      "gain_over_best_global_fixed": {
        "mean": 0.01911111111111111,
        "lo": 0.010666666666666666,
        "hi": 0.027555555555555555
      }
    }
  },
  "clarify_noise": {
    "heuristic": {
      "base": {
        "mean": 0.41457777777777777,
        "lo": 0.40826666666666667,
        "hi": 0.42115555555555556
      },
      "robust": {
        "mean": 0.5213777777777778,
        "lo": 0.5147111111111111,
        "hi": 0.5279555555555555
      },
      "gain": {
        "mean": 0.1068,
        "lo": 0.09991111111111112,
        "hi": 0.11293333333333333
      }
    },
    "reranked": {
      "base": {
        "mean": 0.5271111111111111,
        "lo": 0.5204888888888889,
        "hi": 0.534
      },
      "robust": {
        "mean": 0.6965333333333333,
        "lo": 0.6904,
        "hi": 0.7026666666666667
      },
      "gain": {
        "mean": 0.16942222222222222,
        "lo": 0.1612888888888889,
        "hi": 0.17728888888888888
      }
    }
  },
  "repair_noise": {
    "heuristic": {
      "base": {
        "mean": 0.34457777777777776,
        "lo": 0.33853333333333335,
        "hi": 0.35084444444444446
      },
      "robust": {
        "mean": 0.6568888888888889,
        "lo": 0.6508,
        "hi": 0.6629777777777778
      },
      "gain": {
        "mean": 0.3123111111111111,
        "lo": 0.30617777777777777,
        "hi": 0.31822222222222224
      }
    },
    "reranked": {
      "base": {
        "mean": 0.6476,
        "lo": 0.6414666666666666,
        "hi": 0.654
      },
      "robust": {
        "mean": 0.9475555555555556,
        "lo": 0.9446222222222223,
        "hi": 0.9504
      },
      "gain": {
        "mean": 0.29995555555555553,
        "lo": 0.294,
        "hi": 0.30595555555555554
      }
    }
  }
}